principle_id	topic	frozen_principle	enforcement	enforced_by	criterion_draft
FP-01	Discovery	Promoter、distal 分别做 local TF-MoDISco；不直接以全基因组 motif catalog 替代。	PARTIAL	ingest refuses an analysis that declares no context or whose discovery file is absent, and checksums every discovery HDF5 it reads; the catalog-substitution clause has no field and no check	(remaining clause) For every (model, readout, sequence_context) declared in the project config, the registry contains at least one discovery run whose provenance names that context and carries its own input-region checksum, and no admitted node has a catalog scan as its only support. FAIL if a declared context has no discovery run, or if an admitted node's sole support is a catalog scan.
FP-02	Shared lexicon	在每个 model/readout 内合并 promoter+distal；AG 与 CBP CWM 不跨模型平均。	PARTIAL	guards.no_cross_model_cwm_avg enforces the cross-model prohibition; the within-analysis promoter+distal union belongs to compile/, which is a skeleton	NOT_APPLICABLE_ENFORCEMENT_EXISTS
FP-03	Identity	跨模型通过 family_id/variant_id 映射；具体 TF label 单独记录置信度。	ENFORCED	schema.MotifNode separates family_id/variant_id from putative_tf_label and rejects a confidence outside [0,1]; guards.variant_id_unique	NOT_APPLICABLE_ENFORCEMENT_EXISTS
FP-04	Collapse	完整重复才合并；fragment、distinct flank、composite、弱相似保留。基于 TF annotation 而非矩阵几何或下游行为的例外，必须记为 manual override 并写明理由，不得表述为多证据 gate 的产物。	PARTIAL	schema.Decision.KEEP_SEPARATE_CURATOR_OVERRIDE plus required rationale/decided_by make an override recordable and distinguishable from a gate product; the duplicate criterion itself belongs to adjudicate/, which is a skeleton	NOT_APPLICABLE_ENFORCEMENT_EXISTS
FP-05	Representative	observed medoid；不默认平均 CWM；禁止 unrestricted single-linkage。	PARTIAL	compile refuses a collapse whose representative is not one of its own members, which is what 'observed medoid, never a constructed average' means at the artifact level; the linkage clause has no check, and a within-model averaged representative still passes guards.no_cross_model_cwm_avg	(remaining clause) Every collapsed cluster names a representative that appears in its own member list; no representative is produced by an averaging operation; every clustering step records its linkage, and single linkage is admissible only with a declared distance ceiling. FAIL on a representative that is not a member, on an averaged representative, or on unrestricted single linkage.
FP-06	Tiers	core 是保守规格，expanded 是敏感性规格；moderate merge 自动生成 split lexicon。discovery_tier 与 analysis_tier 分开记录，combined duplicate support 仅在同 model/readout/metacluster 的已接受 true duplicate 之间求和。	PARTIAL	schema.MotifNode carries discovery_tier and analysis_tier separately and requires tier_reason when they differ; compile auto-generates the split lexicon from three named triggers (merge_confidence != HIGH, family_ambiguity, threshold_sensitive) and records which fired. What makes a merge moderate is undecided -- see FP-13 -- so compile dispatches on a declared grade and never assigns one. The summation scope for combined duplicate support is unchecked	NOT_APPLICABLE_ENFORCEMENT_EXISTS
FP-07	Instance calling	FiNeMo 正式运行前完成 attribution equivalence、真实 loader 和 matched-peak pilot。	DOC_ONLY	validate/ records backend verification but has no orchestrator that orders or checksums the three prerequisites	An instance-calling run is admissible only if its provenance names three prerequisite artifacts by checksum -- attribution equivalence, loader identity, matched-peak pilot -- each with a timestamp earlier than the run. FAIL if any is absent, unchecksummed, or later than the run it licenses.
FP-08	Redundancy	冗余有同位分摊与低重要性散射两种表现，二者下游 Δ 均趋近于零。位置新颖性不作为覆盖证据；须同时满足 coefficient 占比与重建增益。	DOC_ONLY	validate/ emits an affected coefficient share and reconstruction delta, but does not yet validate a redundancy claim's estimation methods or prohibit positional novelty standing alone	A collapse justified as redundancy carries both a coefficient-share field and a reconstruction-gain field, each naming its estimation method; a positional-novelty field may never be the only evidence present. FAIL if either field is absent or if positional novelty stands alone.
FP-09	Sign	配准以无符号序列内容建立，带符号相似度只作为该配准处的独立统计量报告。以带符号量为搜索目标会使符号反转的配对不可见。正负分离在单一 readout 内成立，跨 readout 不自动成立。	PARTIAL	guards.sign_alignment rejects registration on a signed quantity and rejects signed similarity choosing the offset; the cross-readout clause (sign separation does not carry across readouts) has no check	NOT_APPLICABLE_ENFORCEMENT_EXISTS
FP-10	Scale	metacluster 的形成带绝对计数门槛，因而随子集规模变化。报告有无时必须同时报告每-peak 速率；跨 cluster 或跨模型比较组成前先核对规模。规模门槛是近端机制，不等于终极成因——速率本身也可能不同（弥散与成块之别），此时缺失不由 peak 数不足解释。终极成因未经排他性证明前记 UNEXPLAINED。	DOC_ONLY	nothing checks the assertion. ingest now records which of the three absences occurred (schema.MetaclusterState), which the criterion needs as an input but is not itself the check; guards.single_scale governs the hit substrate, a different instrument	Any assertion that a motif class is absent from a subset carries the subset's peak count, the per-peak rate in the comparison subset, and either a rate-difference result or the literal label UNEXPLAINED. FAIL if absence is asserted from a presence/absence field alone, or if a rate difference is attributed to peak count without a measured rate.
FP-11	Aggregation	family 效应依赖词典组成。聚合安全性由主变体系数份额判定，而非 variant 效应跨度或矩阵几何。variant 效应是竞争性拟合的产物而非 variant 属性，不得用分解式外推到其他词典组成。所有 family 级定量表述须标注词典版本。	PARTIAL	schema.LexiconManifest requires a lexicon_content_hash and compile cannot emit a lexicon without one, so the thing a family-level number must cite now exists; nothing yet checks that a downstream number cites it, and the coefficient-share clause needs validate	(remaining clause) Every family-level quantitative field carries the lexicon identifier (content hash) it was computed under, and every family-level aggregation carries the dominant variant's coefficient share. FAIL if a family-level number is emitted without a lexicon identifier, or if aggregation safety is asserted without the share field.
FP-12	Power	"下游证据轴对稀有 motif 功效不足，其上限由 motif 频次决定而非分析方法。判定前先算受影响 peak 数；不足时以""稀有因而低风险""记录，不产出无功效的等价主张。效应估计须过样本量下限；区间同时包含零与参照点估计时记 NOT_ESTIMABLE_UNDERPOWERED，不记方向。"	ENFORCED	guards.estimability_floor rejects a cell below the N floor that is not marked NOT_ESTIMABLE_UNDERPOWERED, and rejects an interval containing both zero and the reference	NOT_APPLICABLE_ENFORCEMENT_EXISTS
FP-13	Pre-registration	"任何 merge/split 判定规则的参数必须在看到该对结果之前写定并 checksum；规则给出与先验相反的答案时，该答案即为结论，不得事后调参。需要更多证据时应更换证据轴，而不是修改规则。规则还必须可无判断执行——若判读时需要事后解释才能应用（例如""任何 family 翻转符号""在近零效应上触发），则等同于未做预注册，应改写为带幅度门槛的形式。"	DOC_ONLY	nothing; docs/GOVERNANCE.md states the legality test but no preregistration store exists. RECORDED DESIGN GAP: what evidence earns each MergeConfidence grade is undecided, and schema.MERGE_CONFIDENCE_CRITERIA holds CRITERION_NOT_YET_DEFINED for all three rather than a plausible fill. The alternative was a numeric cut-off, which would have invented a scalar the design does not contain -- and a tier-membership threshold is exactly the parameter this principle says must be written and checksummed by the design, before results are seen, not chosen by an implementer	Every merge/split rule parameter set is stored with a checksum whose recorded timestamp precedes the earliest timestamp of any evidence artifact it reads, and every rule clause is an executable predicate over named fields with an explicit numeric threshold. FAIL if the checksum is missing or later than the evidence, or if any clause carries no magnitude threshold.
FP-14	Paired comparison	merged-vs-split 的 Δ 必须在受影响 peak 子集上计算并报告受影响规模；全集 Δ 仅作参考且需标注已稀释。	PARTIAL	validate.evaluate_stability computes both deltas from strict frozen hit-table identity/coefficient/reconstruction columns, assigns decisions from the affected subset, and refuses interval/equivalence claims below 30 affected peaks. Adapter-specific biological reconstruction methods remain project configuration.	Every merged-vs-split delta carries the count and identifier of the affected subset it was computed over; a full-set delta carries an explicit dilution flag and may not be emitted without its affected-subset twin. FAIL on a delta with no affected-subset identifier, or on a full-set delta reported alone.
FP-15	Statistics	peak-level 为主；positive/negative 分开；跨模型先估 effect 再 meta-analysis。区间用 BCa 配对 block bootstrap，p 值用 block-level wild cluster bootstrap-t，label permutation 弃用；block 尺寸、B 与随机种子随结果同档保存。	PARTIAL	interpret aggregates to peak level, resamples whole genomic blocks, and saves block size, B and seed alongside every interval; schema.AnalysisConfig refuses between-model heterogeneity below three models; the intervals are percentile block bootstrap, NOT the specified BCa, and the wild cluster bootstrap-t p-value is not implemented	NOT_APPLICABLE_ENFORCEMENT_EXISTS
FP-16	Grammar	co-occurrence/spacing 仅作筛选；重点 pair 用 in-silico single/double ablation。	DOC_ONLY	nothing; in-silico ablation is out of scope for this tool, so only the claim-labelling half is checkable here	Every pair-level claim carries an evidence kind of either screen or ablation; a screen-level claim may not carry an interaction estimate or use interaction wording. FAIL if a screen-level claim is phrased as an interaction.
FP-17	Input scale	全部规格针对同一次全宇宙运行的子集计算，不按规格重跑 caller。输入规模作为 provenance 字段随每个结果携带。peak universe 在规格集合冻结之前确定并冻结。	PARTIAL	guards.single_scale rejects a result set spanning more than one input scale or missing the field, and provenance.ProvenanceRecord carries input_scale; the ordering clause (universe frozen before the specification set) needs a run orchestrator and is unchecked	NOT_APPLICABLE_ENFORCEMENT_EXISTS
FP-18	Determinism	重跑不变性与批次规模不变性分别测量；离散身份与数值容差分别设门。任一门禁的谓词不得由另一轴的测量推得，也不得在未测量的情况下写成 == 0。	DOC_ONLY	nothing; this repository states the two-axis rule in guards/ and LESSONS.md but runs no determinism ladder	The determinism report carries two independently measured values -- a discrete identity count across reruns and a numeric displacement across reruns -- each with its own gate, and neither gate's value is derived from the other's measurement. FAIL if either axis has a gate but no measurement record, or if a predicate is written as a constant without one.
FP-19	Annotation	长度 ≤ 6 bp、TomTom q > 0.05 或 seqlet < 100 的变体标 flag，只以 variant_id 出现，并与偶然出现期望并列报告。由单一 family 构成的层其 share 记 NOT_ESTIMABLE。	PARTIAL	guards.short_motif_flag enforces the three flag rules and guards.single_family_layer enforces the NOT_ESTIMABLE share; the two reporting clauses (flagged variants appear only by variant_id, chance expectation shown alongside) are unchecked	NOT_APPLICABLE_ENFORCEMENT_EXISTS
FP-20	Provenance	每个峰集分析声明选择来源并据此决定输出模式，字段缺失按最保守档处理。聚类查询的块级拆分先于聚类，整块分配；分配规则的输入特征与结果量交集为空。	PARTIAL	guards.selection_provenance_declared + the interpret dispatch table. 'Most conservative' is read here as DESCRIPTIVE_ONLY_UNVERIFIABLE_CONDITIONING, not EYEBALLED: the report's table naming EYEBALLED as the default for a missing field predates MODEL_SELECTED_NO_TRANSCRIPT, and once a stricter grade exists the old default is no longer the most conservative. The block-split-before-clustering and feature-disjointness clauses are unchecked	NOT_APPLICABLE_ENFORCEMENT_EXISTS
FP-21	Interaction	特异性与组间差异由交互项的区间排除零许可，不由两个显著性状态之差得出。	ENFORCED	guards.interaction_required rejects a specificity claim with no interaction estimate, with an interval containing zero, or derived from a difference of significance statuses	NOT_APPLICABLE_ENFORCEMENT_EXISTS
FP-22	Missingness	四态编码须有可执行断言，而非仅写入原则表；未定义值使用显式哨兵，覆盖率在任何填充之前计算。	ENFORCED	schema.Missingness plus schema.MISSING_SENTINEL, and guards.four_state_missingness rejects an undefined value collapsed to 0, a row with no state, and a coverage of 1.0 computed after filling	NOT_APPLICABLE_ENFORCEMENT_EXISTS
FP-23	Governance	停止条件触发即停、置顶上报、等待人类决策；停机期间的刻画标 CHARACTERISATION_UNDER_HALT。事后修改已封存判据须通过“不知结果亦能写出”的检验。	DOC_ONLY	nothing; docs/GOVERNANCE.md states the four-step protocol and the legality test, but enforcing them needs a run orchestrator that can see artifact timestamps across steps	For every halt record, no artifact of a later step carries a timestamp between the halt and the recorded human decision; every conclusion emitted in that window carries CHARACTERISATION_UNDER_HALT; and every edit to a sealed criterion carries a written justification that the change could have been written without knowing the result. FAIL on any later-step artifact inside the window, or on an unlabelled conclusion.
FP-24	Stratification	进入交互项的分层变量对全部单元使用同一套定义规则；口径不同的分层只作具名敏感性对照。分层交叉表在任何效应结果可见之前产出。	PARTIAL	guards.stratum_parity rejects a stratum variable generated by more than one rule; the ordering clause (cross-tabulation before any effect is visible) has no check, and guards.health_before_effect covers only the health numbers, not the stratum table	NOT_APPLICABLE_ENFORCEMENT_EXISTS
FP-25	Guards	每个守卫附一份错位或置换映射上的失败证明。永不失败的守卫视为未验证；守卫不得引用自身产物，不得硬编码上游行数。	PARTIAL	tests/test_guards.py::test_every_guard_has_a_falsification_test walks guards.ALL_GUARDS and fails if any guard ships without a falsification test; the two authoring clauses (no self-reference, no hard-coded upstream counts) are stated in the guards/ docstring and reviewed by hand, not checked	NOT_APPLICABLE_ENFORCEMENT_EXISTS
